model,roc_auc,accuracy,log_loss
lr_prob,0.979591836734694,0.9428571428571428,0.11822257643204037
rf_prob,1.0,1.0,0.05425242503863557
xgb_prob,1.0,0.9714285714285714,0.07948173726330461
svm_prob,0.9750566893424036,0.9571428571428572,0.1457992194611532
ensemble,0.9954648526077097,0.9714285714285714,0.0891192902390021
